origin_title,origin_content,relative_title,relative_content,label
"['독감, 2년 전의 134배↑…""코로나19 기간 면역력 약해져""']","['[세종=뉴시스]이연희 기자 = 코로나19 팬데믹(세계적 대유행) 기간 면역력이 약해진 탓에 인플루엔자(독감) 환자 수가 2년 전보다 134배, 마이코플라스마 폐렴은 1.7배 수준으로 크게 증가한 것으로 나타났다.\n\n17일 국회 보건복지위원회 소속 더불어민주당 신현영 의원이 건강보험심사평가원(심평원)과 질병관리청으로부터 제출받은 자료에 따르면 마이코플라스마 환자는 올해 10월까지 2만659명, 독감 환자는 197만9974명이 발생했다. 코로나19가 한창이었던 2021년과 비교하면 마이코플라스마 환자는 70.1% 늘었고 독감은 1만3319%, 무려 134배 폭증했다.\n\n이는 면역 부채가 원인으로 분석되고 있는데, \'면역 부채\'(Immunity debt)란 계절성 감염병에 노출되지 않아 전반적으로 면역력이 약해지면 그 바이러스에 노출될 때 크게 유행하는 현상을 말한다.\n\n지난 2020년 코로나19 유행이 시작된 전세계적으로 강력한 사회적 거리두기 및 마스크 착용 의무화 방침이 이어지면서 호흡기 등 각종 감염병의 유행이 급격히 감소했다. 특히 소아에서 여러 감염병 대한 첫 노출이 늦어지면서 면역력을 충분히 확보하지 못했다는 것이다.\n\n2014년 이후 최근 10년 간 연평균 환자 수는 마이코플라스마는 4만4626명, 독감은 121민2418.8명으로 집계됐다. 코로나19 2년차였던 2021년 마이코플라스마 폐렴 환자는 연평균의 약 4분의 1수준인 1만2144명, 독감 환자는 약 80분의 1 수준인 1만4754명만 발생했다.\n\n그러나 일상회복이 진행되면서 마이코플라스마 환자는 올해 1~10월 2만659명으로 70.1%, 같은 기간 독감 환자는 197만9974명으로 1만3319% 폭증했다.\n\n연령대별로 최근 10년 간 마이코플라스마 환자 44만7387명 중 9세 미만이 33만712명(73.9%)으로 가장 많았고 10~19세가 4만6557명(10.4%)으로 그 뒤를 이었다. 올해는 0~9세 마이코플라스마 환자는 8595명에서 1만3497명으로 2021년 대비 56.7%, 10~19세 환자는 1324명에서 2714명으로 약 105% 증가했다.\n\n같은 기간 독감 환자 1213만6891명 중 0~9세 연령대는 448만5953명(37%)으로 가장 많았고, 이어 10~19세가 261만6735명(21.6%)을 차지했다. 0~9세 독감 환자는 2021년 3322명에서 올해 63만5556명으로 191배, 10~19세 환자는 2021년 2226명에서 올해 61만2666명으로 275배 증가했다.\n\n질병 당국은 마이코 플라스마 폐렴의 경우 신종 감염병이 아니며 백신은 없지만 항생제 치료가 가능한 만큼 지나친 공포를 가질 필요는 없다고 강조하고 있다. 다만 이른바 \'소아과 오픈런\' 양상에 대해서는 소아과 의료기관이 문을 닫는 등 줄어드는 구조적 문제로 인해 소아 환자 및 보호자들이 체감하는 위험도가 그만큼 커졌다고 진단했다.\n\n지영미 질병청장은 지난 12일 기자간담회에서 ""(코로나19 이전인) 2019년과 비교하면 절반 정도로 유행해 실제 발생 상황이 많이 위험하지는 않고 항생제 치료가 가능하다""며 ""소아과 수가 줄었고 의료 시스템 문제가 있기 때문에 합동대책반 회의를 통해 소아과 등 현장 의료 체계를 점검하겠다""고 말했다.\n\n이처럼 면역부채 현상이 진료체계의 부하를 일으키고 있지만 백신이 있는 독감에 대한 소아 예방접종은 지지부진하다. 어린이 독감예방접종률은 2018~2019절기에 74.5%에 이르렀던 것과 대조적으로 2022-2023절기에는 71%로 하락했다. 지난 9~10월부터 지난 6일까지 2023-2024절기 독감 예방접종에 참여한 어린이는 66.1%로 70%에 미치지 못했다.\n\n신 의원은 ""코로나19 기간 높은 강도의 방역으로 감소했던 호흡기 감염병이 면역부채 현상으로 급증했지만 오히려 독감 예방접종률은 저조한 상황""이라며 ""마이코플라스마와 독감을 앓는 소아 환자가 많은 만큼 안정적인 소아 진료체계 구축이 중요하다""고 강조했다.\n\n아울러 ""윤석열 정부는 필수의료 살리기를 통해 의료공백을 해소하겠다고 했지만 실질적으로 소아과 대란은 나아지지 않아 아이를 키우는 부모님들의 부담은 갈수록 커지고 있다""면서 ""소아과 대란을 해결하기 위해 특단의 소아진료체계 강화 대책이 강구돼야 한다""고 말했다.']",[팩트체크] 코로나19 기간에 면역력이 약해져 독감 환자 수가 늘었다?,"[이데일리 김어진 인턴기자] 최근 독감 등 호흡기 감염병 환자 수가 크게 는 것으로 나타났다. 15일 질병관리청은 12월 둘째 주 외래환자 1,000명당 독감 의심 환자 수가 61.3명으로, 2019년 이후 가장 높았다고 밝혔다.

이에 일각에서 코로나19 기간에 면역력이 약해진 게 원인이라는 얘기가 나오고 있다. 엔데믹 선언 이후 독감 등 호흡기 감염병이 유행한 게 지난 3년간 마스크 착용, 사회적 거리두기로 면역력이 약해졌기 때문이라는 얘기다.

정말 코로나19 기간에 면역력이 약해져 독감 환자 수가 늘었을까? SNU 팩트체크에서 확인해 봤다.

우선 2021년 코로나19가 대유행할 당시보다 국내 독감 환자 수가 증가한 건 사실이다.

신현영 더불어민주당 의원(보건복지위원회)이 건강보험심사평가원과 질병관리청에서 제공받은 자료에 따르면 독감 환자는 2021년 1만 4,754명에서 2023년(1월~10월) 197만 9,974명으로 134배 늘었다. 같은 기간 마이코플라즈마 폐렴 환자는 2021년 1만 2,144명에서 2023년(1월~10월) 2만 659명으로 1.7배 늘었다.

최근 10년간 추이를 보면 연평균 독감 환자는 121만 2,418명. 마이코플라즈마 폐렴 환자는 4만 4,626명이었다. 그러나 코로나19가 기승이던 2021년 독감 환자는 약 80분의 1 수준인 1만 4,754명, 마이코플라즈마 환자는 연평균의 약 4분의 1 수준인 1만 2,144명이었다. 코로나19 대유행 이후 환자 수가 다시 많아진 것이다.

특히 아동, 청소년을 중심으로 환자 수가 급증했다. 0~9세 독감 환자는 2021년 3,322명에서 올해 63만 5,556명으로 약 191.3배 늘었다. 10~19세 독감 환자는 2021년 2,226명에서 올해 61만 2,666명으로 275.2배 급증했다. 0~9세 마이코플라즈마 폐렴 환자도 2021년 8,595명에서 올해 1만 3,497명으로 약 1.6배, 10~19세의 환자는 2021년 1,324명에서 올해 2,714명으로 2.1배 가량 증가한 것으로 나타났다.

그렇다면 2021년보다 올해 독감 환자 수가 증가한 게 코로나19 기간에 면역력이 약해졌기 때문일까? 결론부터 말하자면 아니다.

전문가들은 코로나19 유행 시기에 사회적 거리 두기, 마스크 의무 착용 등으로 호흡기 바이러스에 노출될 일이 적어 면역이 형성되지 않았기 때문이라고 설명한다. 현재 사회적 거리두기가 해제되고 마스크를 착용하지 않다 보니 이때 감염되지 못했던 병원체들에 대한 감염이 늘어나는 면역 부채(immune debt) 현상이 발생했다는 것이다.

이런 면역 부채는 면역력이 약해졌다는 것과는 차이가 있다. 면역력이 약해졌다는 건 면역 체계를 담당하는 조직과 세포들의 기능이 떨어졌다는 것을 의미한다. 일반적으로 흡연이나 음주, 과로, 스트레스, 노화 등이 원인이다.

이에 대해 신상엽 KMI 한국의학연구소 수석상임연구위원(감염내과 전문의)은 “병에 걸렸다가 회복된 후, 혹은 백신접종 후에 생기는 '획득 면역'이 있다”며 “최근 3년간 (2020~2022) 사회적 거리두기와 마스크 착용으로 호흡기 감염병에 걸릴 확률이 많이 줄어, 획득 면역을 확보할 기회가 적었다”고 설명했다. 이어 “올해부터 사회적 거리두기가 해제되고 마스크를 안 쓰다 보니 이전에 감염되지 않은 호흡기 감염병에 취약헤 최근 많이 걸리는 상황”이라고 말했다.

최천웅 강동경희대병원 호흡기내과 교수는 면역력이 약해졌다는 것은 면역부채와 개념이 다르다고 했다. 그는 “코로나19가 유행한 3년 동안 우리가 마스크를 잘 쓰고, 개인위생과 사회적 거리두기를 철저히 하다 보니 일반적으로 걸렸을 호흡기 감염병에 걸리지 않았다”며 “이게 부채로 쌓여 사회적 거리두기가 끝나고 마스크를 벗고 활동하면서 한꺼번에 갚게 된 것”이라고 말했다.

아동, 청소년 독감 감염자가 많은 이유에 대해 신 연구위원은 “생후 6개월부터 5세까지의 영유아들은 외부 감염에 걸려 가며 면역을 새로 만드는데, 사회적 거리두기 등으로 3년 동안 그 기회가 적었다”며 “어른들은 그 전에 몇 번 걸려 미미하게 면역이 있겠지만, 아이들은 처음 접하는 바이러스이다 보니 걸리는 경우가 많아지는 것”이라고 설명했다. 최 교수는 “방학 중에는 학생들은 접촉하는 사람이 적어 감염이 적다”며 “현재 아이들이 학기 중이라 집단 생활할 일이 많은 것도 감염자가 많이 나오는 이유 중 하나”라고 얘기했다.

두 전문가는 모두 호흡기 감염병 예방을 위해선 백신접종을 하는 게 좋다고 말했다. 최 교수는 “독감을 유발하는 인플루엔자 바이러스는 크게 4가지 유형이 있다”며 “독감이 걸린 경험이 있어도 다른 유형의 독감에 걸릴 수 있어 백신은 맞는 게 좋다”고 했다. 신 연구위원은 “마이코플라즈마 폐렴처럼 백신 개발이 안 된 질환은 손 잘 씻기, 마스크 착용을 통해 예방해야 한다”며 “마스크를 착용하면 질환에 걸리더라도 들어오는 병원체가 적어 가볍게 앓고 지나갈 수 있다”고 했다.

[검증결과]
코로나19 대유행 시기보다 국내 독감 환자 수가 증가한 건 사실이다. 그러나 전문가들에 의하면 코로나19 기간에 면역력이 약해졌기 때문은 아니다. 이들은 사회적 거리두기, 마스크 의무 착용 등으로 호흡기 바이러스에 노출될 일이 적어 면역이 형성되지 않았기 때문이라고 설명한다. 현재 사회적 거리두기가 해제되고 마스크를 벗고 활동하다 보니 이전에 감염되지 않은 호흡기 감염병에 많이 걸리는 면역 부채 현상이 발생했다는 것이다. 면역 부채는 면역력이 약해졌다는 것과는 차이가 있다. 면역력이 약해졌다는 건 면역 체계를 담당하는 세포들의 기능이 떨어졌다는 것을 의미한다. 일반적으로 흡연이나 음주, 과로, 스트레스, 노화 등이 원인이다. 이에 ‘코로나19 기간에 면역력이 약해져 독감 환자 수가 늘었다’는 면역부채 개념과 관련해 단어 사용에 오해가 있는 표현이어서 ‘대체로 사실 아님’으로 판정한다.

* 이 기사는 SNU팩트체크센터의 지원을 받아 작성됐습니다.",0
"[""4000원 인공눈물 내년부턴 4만원 되나…'진짜 눈물 날 판'""]","['윤석열 대통령의 사진과 음성, 영상 등을 조작해 만든 가짜 영상물에 대해 경찰이 22일 수사에 착수했다. 총선에 영향을 주기 위해 윤 대통령의 모습을 조작한 가짜 영상물이 퍼진 건 이번이 처음이라고 한다.\n서울경찰청 사이버수사대는 이날 소셜미디어 틱톡 등에 퍼진 윤 대통령 가짜 동영상 제작자와 게시자에 대한 고발장을 지난 6일 접수하고 추적 중이라고 밝혔다. 경찰에 따르면 이 동영상은 틱톡과 메타(옛 페이스북), 인스타그램 등 여러 곳에 게시됐다. 경찰은 이 게시물을 한 사람이 주로 올린 것으로 추정하고 있다. 경찰은 문제의 동영상에 대해 방송통신심의위원회에 공문을 보내 차단·삭제도 요청했다.\n\n문제가 된 영상은 작년 12월부터 소셜미디어에 퍼졌다. 46초 분량으로, ‘윤석열 대통령 양심 고백 영상’이라는 제목이었다. 영상 속에 등장하는 ‘가짜’ 윤 대통령은 “무능하고 부패한 윤석열 정부는 특권과 반칙, 부정과 부패를 일삼았다” “저 윤석열은 상식에서 벗어난 이념에 매달려 대한민국을 망치고 국민을 고통에 빠뜨렸다”고 말한다. 윤 대통령의 모습과 목소리로 구성됐지만, 기존 사진과 음성·영상을 재료로 인공지능(AI)을 이용해 실제처럼 만든 딥페이크(deep fake)로 보인다는 게 전문가들의 의견이다.\n방심위는 이번 영상을 총선 관련 첫 윤 대통령 딥페이크 영상으로 보고 있다. 이에 따라 23일 긴급 통신심의소위원회를 열어 해당 안건을 심의, 바로 삭제와 차단 조치를 하겠다는 방침이다. 방심위는 대통령을 이용한 가짜 영상이 사회적 혼란을 야기할 수 있다고 했다.\n\n여야(與野)는 작년 12월 딥페이크를 활용한 선거운동을 선거일 90일 전부터 전면 금지하는 내용의 공직선거법 개정안을 국회 본회의에서 통과시켰다. AI를 이용한 딥페이크 가짜 영상은 국내뿐 아니라 해외에서도 문제 되고 있다. 올해 대선이 치러지는 미국에서는 지난달 23일 뉴햄프셔주 예비선거를 앞두고 조 바이든 대통령을 사칭한 딥페이크 음성이, 작년엔 트럼프 전 미국 대통령이 수갑을 차고 경찰에 연행되는 가짜 이미지가 퍼졌다.']",[팩트체크]내년부터 인공눈물 가격이 4만 원이 된다?,"[이데일리 김어진 인턴기자] 최근 인공눈물 가격이 내년부터 최대 10배 올라 4만 원이 될 수 있다는 기사가 보도되면서 소비자들 사이에서 논란이 일고 있다.

최근 건강보험심사평가원(이하 심평원)은 제9차 약제급여평가위원회를 열고 급여적정성 재평가 심의를 진행했다. 심의에서는 인공눈물로 많이 쓰이는 ‘히알루론산나트륨 점안제’에 대한 건강 보호 급여 축소를 예고했다.

이에 건강보험이 적용되지 않으면서 최대 10배까지 인공눈물 가격이 비싸질 수 있다는 기사들이 보도됐다. 안과에서 안구건조증 등을 이유로 점안제를 처방받으면 건강보험 혜택이 적용돼 실제 가격의 10%인 4,000원에 한 박스(60개입)를 구매할 수 있는데 이를 환자가 전액 부담하면 4만 원까지 낼 수 있다는 얘기다.

온라인 커뮤니티에서는 내년부터 약국에서 판매하는 모든 인공눈물이 4만 원에 판매되는 것인지에 대한 글들이 올라왔다.

그렇다면 내년부터 인공눈물 가격은 최대 10배 비싸져 4만 원까지 오를까?

◆ 시중의 모든 인공눈물 가격이 비싸진다?

우선 의사 처방전 없이 약국에서 구매할 수 있는 일반의약품 인공눈물은 이번 결정과 상관없다. 심평원에서 말한 히알루론산나트륨 점안제는 의사 처방전이 있어야 구매할 수 있는 전문의약품이다.

따라서 일반의약품 인공눈물 중 건강보험 급여 혜택이 적용되는 카르복시메틸셀룰로오스나트륨(CMC) 계열은 의사 처방전이 있으면 앞으로도 원래 가격보다 저렴하게 구매할 수 있다. 전문의약품이어도 히알루론산나트륨이 들어가지 않은 인공눈물 제품은 기존처럼 보험 적용을 받는다.
이번에 건강보험 급여적정성 ‘없음’으로 평가받아 급여 재평가 받는 대상은 ‘외인성 질환’으로 히알루론산나트륨 점안제를 처방받는 경우다. 라식·라섹 등 수술, 약제성, 외상, 콘택트렌즈 착용 등으로 인한 안구건조증이 여기 해당한다.

재평가 결과에 따라 외인성 질환이 건강보험 적용을 받지 않게 되면 시력 교정술, 렌즈 착용 때문에 히알루론산나트륨 점안제를 처방받을 경우 환자 본인이 전액 부담해야 한다.

내인성 질환에 대해선 일부 인공눈물 오남용 사례에 대해 요양급여기준을 검토하는 절차를 진행하고 있다. 내인성 질환은 쇼그렌증후군, 피부점막안증후군, 건성안증후군 등 환자 본인에게 있는 질환으로 안구건조증이 유발된 경우다.

심평원은 “어르신의 경우 대부분 내인성 질환으로 인공눈물을 처방받는 경우가 많아 비용 부담이 늘어나지 않을 것”이라고 설명했다.

◆ 최대 10배까지 비싸질 수 있다?

그렇다면 외인성 질환으로 인한 안구건조증이 건강보험 혜택에서 제외되면 최대 10배의 돈을 더 내고 히알루론산나트륨 점안제를 구매해야 할까? 결론부터 말하면 10배는 아니다. 다만 2~3배 부담이 커지게 된다.

심평원의 ‘2023.10.01. 현재 약제급여목록및급여상한금액표’를 살펴보면 히알루론산나트륨 일회용 점안제 1개의 가격은 152원~396원이다. 한 박스(60개) 단위로는 9,120원~23,760원이다.
현재 안과 의원에서 인공눈물을 처방받으면 최소 2,736원에서 최대 7,128원에 일회용 점액제 한 박스(60개)를 구매할 수 있다. 건강보험을 적용받아 본인부담액이 약값 정가의 30%이기 때문이다. 상급종합병원의 약값 본인부담액은 50%로 이곳에서 처방받으면 최소 4,560원에서 최대 11,880원에 일회용 점안제를 구매할 수 있다.

이를 고려하면 인공눈물 가격 전액을 소비자 본인이 부담하게 됐을 때 안과 의원에서 처방받으면 기존보다 3배, 상급종합병원에서 처방받으면 기존보다 2배 비싸지게 된다.

심평원은 이런 급여적정성 재평가에 대해 “등재 시기가 오래된 제품에 대해 임상적 유용성 등에 대한 환경변화 요소를 고려해 대상을 선정하기 위한 것”이라며 “치료에 필요한 부분은 충분히 급여하되, 오남용은 개선하고자 하는 목적”이라고 설명했다.

이번 약제급여평가위원회의 심의 결과에 대해 해당 제품을 생산하는 제약사들은 통보받은 뒤 30일 안에 이의신청을 제기할 수 있다. 심평원은 오는 12월 인공눈물 투약 건강보험 적용 적정성 여부를 최종 결정할 계획이다.

[검증결과]

건강보험심사평가원에서 말한 건강보험 급여 재평가 대상인 인공눈물은 히알루론산나트륨 점안제로 모든 인공눈물의 가격이 변동하는 건 아니다. 건강보험심사평가원은 시력 교정술, 콘텍트렌즈 착용, 약제성, 외상 등으로 안구가 건조한 외인성 질환에 대해 건강보험 급여 제한 등 급여 재평가를 할 예정이다.

현재 히알루론산나트륨 일회용 점안제 한 박스(60개) 가격은 9,120원~23,760원으로 의원급 안과에서 인공눈물을 처방받으면 최소 2,736원에서 최대 7,128원에 구매할 수 있다. 따라서 따라서 급여 재평가에 따라 히알루론산나트륨 점안제 전액을 본인이 부담하게 된다면 10배가 아닌 3배가량 부담이 커진다. 이에 ‘내년부터 인공눈물 가격은 최대 10배 비싸져 4만 원이 된다’는 ‘전혀 사실 아님’으로 판정한다.

* 이 기사는 SNU팩트체크센터의 지원을 받아 작성됐습니다",0
['KDI “임금·복지 충족…청년 근로자 위한 대기업 일자리 늘려야”'],"['(서울=연합뉴스) 홍제성 기자 = 1인당 소득 대비 세계에서 가장 양육비가 많이 드는 나라는 한국이며, 중국이 그 뒤를 잇는다는 중국 연구기관의 보고서가 나왔다.\n\n22일 미국 CNN방송에 따르면 베이징 인구·공공정책 연구기관인 위와인구연구소는 최근 발표한 2024년도판 \'중국양육비용 보고서\'에서 ""중국에서 18세까지 자녀 1명을 키우는 데 들어가는 비용은 1인당 국내총생산(GDP)의 6.3배인 7만4천800 달러(약 1억원)에 달했다""고 밝혔다.\n\n중국에서 자녀를 대학까지 보낼 경우에는 양육비는 9만4천500달러(약 1억2천500만원)로 늘어난다.\n\n1인당 GDP 대비 18세까지의 양육 비용은 한국이 7.79배로 전 세계에서 가장 높았다.\n\n조사 대상국 가운데 한국, 중국에 이어 이탈리아(6.28배), 영국(5.25배), 뉴질랜드(4.55배)가 5위권을 형성했고, 일본(4.26배), 미국(4.11배), 독일(3.64배)도 상대적으로 양육비가 많이 들었다.\n\n반면 싱가포르(2.1배)와 호주(2.08배), 프랑스(2.24배)는 소득과 비교해 상대적으로 양육비가 덜 드는 것으로 나타났다.\n\n보고서는 ""높은 출산 비용, 여성의 가정과 일의 양립이 쉽지 않은 이유 등으로 중국인의 출산 의향은 세계에서 거의 최저 수준""이라며 ""현 인구 상황을 출생인구 붕괴라고 해도 과언이 아니다""라고 지적했다.\n\n실제로 중국의 신생아 수는 2022년과 2023년 잇달아 1천만명을 밑돌면서 2년 연속 내리 감소했다.\n\n중국 신생아 수가 1천만 명 이하로 떨어진 것은 1949년 신중국 건국 이후 처음이다. 지난해 말 기준 중국의 총인구는 2022년 대비 208만명 줄어든 14억967만명으로 집계돼, 중국은 세계 최대 인구 대국의 자리를 인도에 내줘야 했다.\n\n전문가들은 중국의 출산 기피 현상은 높은 양육비와 함께 출산으로 인해 여성이 치러야 할 희생과 기회비용이 너무 크다는 데도 원인이 있다고 지적했다.\n\n연구진은 보고서에서 ""출산과 양육 비용을 가능한 한 빨리 낮추기 위한 국가 정책이 필요하다""면서 주택 보조금, 세제 혜택을 포함한 현금성 지원, 출산·육아휴직 기회 확대, 미혼 여성의 건강권 보장, 교육 개혁 등을 주문했다.']",[팩트인사이드] 우리나라에서 대기업 기준은 300인 이상이다,"[검증대상] 우리나라에서 대기업 기준은 300인 이상이다

지난해 우리나라 경제 성장률이 1.4%로 나타났다. 지난 2022년(2.6%)과 비교하면 절반 정도 감소한 수치다. 성장률이 떨어지면 고용도 나빠지는데, 각 기관에서는 올해 경제성장 전망도 2% 초반으로 잡고 있어 일자리 상황은 앞으로도 크게 나아지지 않을 전망이다.

이 같은 일자리의 중요성은 정치권에서도 화두다. 한 달여 앞으로 다가온 4·10 총선에 전력을 다하고 있는 여야 후보들은 대기업 유치와 일자리 공약을 앞다퉈 발표하며 유권자에 관심을 호소하고 있다.

이런 가운데 지난달 27일 국책 연구기관인 KDI가 '더 많은 대기업 일자리가 필요하다'는 보고서를 발표했다. 보고서에 따르면 우리나라 대기업 일자리 비율은 2021년 기준 14%로, OECD 32개국 중 최하위이다. 해당 보고서는 대기업의 기준을 OECD 기준인 250인으로 제시하면서 우리나라의 대기업 기준은 300인으로 잡았다.

그렇다면 우리나라 대기업의 기준은 300인 이상이 맞을까? 중부일보가 이에 대해 팩트체크했다.
 

[관련 링크]

1. 더 많은 대기업 일자리가 필요하다(2024. 02.27 KDI)

2. 대기업 일자리 비율 14% 'OECD 최하위'(2024.02.28. 조선일보)

3. KDI ""임금·복지 충족…청년 근로자 위한 대기업 일자리 늘려야""(2024.02.27. 데일리안)

 

[검증 방법]

기업 분류 관련 국내 법령을 살펴보고 통계청이 공개한 기업 특성별 무역통계 결과와 중소벤처기업부의 올해 기업 통계 분류 기준을 확인했다. 또 관련 내용을 재확인하기 위해 통계청 기업통계팀과 산업연구원에 문의했다. 
 

[검증 내용]

기업은 통상 중소기업, 중견기업, 대기업 등으로 나뉜다. 이 같은 분류 기준이 법에 명시돼 있는지 알아보기 위해 관련 법령을 살펴봤다. 먼저 중소기업의 범위는 중소기업기본법 시행령 3조에 명시돼 있었다. 해당 법령에는 중소기업의 기준으로 평균 매출액과 연간 매출액, 자산총액에 관한 사항이 있었다. 하지만 근로자 수에 관한 사항은 없었다.

다음으로 중견기업의 기준은 중견기업 성장촉진 및 경쟁력 강화에 관한 특별법(2조)과 산업통상자원부 중견기업정책과에서 발행한 「알기 쉽게 풀어 쓴 중견기업 범위해설」에서 확인할 수 있었다. 마찬가지로 근로자 수에 대한 언급은 없었으며, 업종별 평균 매출액 등이 중소기업 규모 기준을 초과하거나 주된 업종에 상관없이(금융 및 보험업 제외) 자산총액이 5천억 원 이상이면 중견기업으로 분류했다.

마지막으로 통상 대기업이라고 보는 상호출자제한기업집단의 지정 기준을 살펴봤다. 독점규제 및 공정거래에 관한 법률(31조)과 독점규제 및 공정거래에 관한 법률 시행령(38조)에서 이를 확인할 수 있었는데, 해당 법령에서도 자산총액에 관한 규정만 명시할 뿐 근로자 수에 관한 내용은 포함하지 않았다.
그렇다면 '우리나라에서 대기업 기준은 300인 이상이다'라는 말은 어디서 나온 걸까. 이는 1966년 12월 6일, 중소기업기본법 업종별 규모 기준에 관련 내용이 명시된 데서 비롯됐다. 당시 제조업·광업·운송업의 경우 200인 이하 또는 자산 5천만 원 이하, 상업 등 서비스업의 경우 20인 이하 또는 자산 1천만 원 이하를 중소기업 기준으로 봤다.

'300인'에 대한 언급은 그로부터 10년 뒤인 1976년 12월 31일 중소기업 업종별 규모 기준이 확대되면서 등장했다. 이에 따르면 제조업·광업·운송업은 200인에서 300인 이하로 확대됐다. 그러다 지난 2014년 4월 14일, 정부는 관련 규정을 개정하면서 중소기업의 규모 기준을 3년 평균 매출액으로 단일화했다. 기존의 근로자 수, 자본금 등의 투입 지표는 인위적인 조정이 가능하며 기업의 성장을 제대로 반영하지 못한다는 이유에서였다. 개정된 시행령은 2015년 1월 1일에 시행됐다.

이후 통계청과 중소벤처기업부는 기업 관련 통계에서 자산총액과 평균 매출액을 기준으로 기업을 구분하고 있다.

통계청은 공정거래위원회가 지정하는 기업집단 중 자산총액의 합계액이 10조 원 이상인 상호출자제한기업집단에 속하는 기업, 업종별 평균 매출액 등이 중소기업 규모 기준보다 크지만 상출기업과 중견기업에 포함되지 않는 기업을 대기업으로 분류했다. 중소벤처기업부는 중소기업 범위를 초과하는 기업을 대기업이라고 명시했다.

지민웅 산업연구원 박사는 ""2014년까지는 중소기업기본법에서 중소기업을 매출액 기준이 아니라 직원 수 기준으로 구분했다""며 ""기업을 분류한다는 게 제도적으로 이해하기 쉽지 않지만, 관련 법령에 구분 기준이 명확하게 나와 있다""고 말했다.

윤영회 통계청 기업통계팀 통계사무관은 ""현재 대기업 기준 중에 종사자 수에 관한 사항은 아예 없다""고 잘라 말했다.

 

[검증 결과]
중소기업기본법, 중견기업특별법, 공정거래법 등 기업의 범위와 관련된 국내 법령을 모두 확인한 결과, 기업의 분류는 기업의 매출과 자산만을 구분 기준으로 삼는 것으로 확인됐다. 이는 정부가 지난 2015년 중소기업 범위를 개편하면서 기업을 구분하는 기준에 직원 수를 포함하지 않은데 따른 것이다. 따라서 중부일보는 '우리나라에서 대기업 기준은 300인 이상이다'라는 검증문은 '전혀 사실 아님'으로 판정한다. 
",0
['“제가 국민 괴롭혀” 尹 대통령 딥페이크까지 나와'],"['윤석열 대통령의 사진과 음성, 영상 등을 조작해 만든 가짜 영상물에 대해 경찰이 22일 수사에 착수했다. 총선에 영향을 주기 위해 윤 대통령의 모습을 조작한 가짜 영상물이 퍼진 건 이번이 처음이라고 한다.\n서울경찰청 사이버수사대는 이날 소셜미디어 틱톡 등에 퍼진 윤 대통령 가짜 동영상 제작자와 게시자에 대한 고발장을 지난 6일 접수하고 추적 중이라고 밝혔다. 경찰에 따르면 이 동영상은 틱톡과 메타(옛 페이스북), 인스타그램 등 여러 곳에 게시됐다. 경찰은 이 게시물을 한 사람이 주로 올린 것으로 추정하고 있다. 경찰은 문제의 동영상에 대해 방송통신심의위원회에 공문을 보내 차단·삭제도 요청했다.\n\n문제가 된 영상은 작년 12월부터 소셜미디어에 퍼졌다. 46초 분량으로, ‘윤석열 대통령 양심 고백 영상’이라는 제목이었다. 영상 속에 등장하는 ‘가짜’ 윤 대통령은 “무능하고 부패한 윤석열 정부는 특권과 반칙, 부정과 부패를 일삼았다” “저 윤석열은 상식에서 벗어난 이념에 매달려 대한민국을 망치고 국민을 고통에 빠뜨렸다”고 말한다. 윤 대통령의 모습과 목소리로 구성됐지만, 기존 사진과 음성·영상을 재료로 인공지능(AI)을 이용해 실제처럼 만든 딥페이크(deep fake)로 보인다는 게 전문가들의 의견이다.\n방심위는 이번 영상을 총선 관련 첫 윤 대통령 딥페이크 영상으로 보고 있다. 이에 따라 23일 긴급 통신심의소위원회를 열어 해당 안건을 심의, 바로 삭제와 차단 조치를 하겠다는 방침이다. 방심위는 대통령을 이용한 가짜 영상이 사회적 혼란을 야기할 수 있다고 했다.\n\n여야(與野)는 작년 12월 딥페이크를 활용한 선거운동을 선거일 90일 전부터 전면 금지하는 내용의 공직선거법 개정안을 국회 본회의에서 통과시켰다. AI를 이용한 딥페이크 가짜 영상은 국내뿐 아니라 해외에서도 문제 되고 있다. 올해 대선이 치러지는 미국에서는 지난달 23일 뉴햄프셔주 예비선거를 앞두고 조 바이든 대통령을 사칭한 딥페이크 음성이, 작년엔 트럼프 전 미국 대통령이 수갑을 차고 경찰에 연행되는 가짜 이미지가 퍼졌다.']","""윤석열 가상연설 영상이 총선용 딥페이크"" 보도는 /'거짓","[앵커]
선거를 앞두고 여론조사 전화가 쏟아지지요. 기준에 못 미치는 여론조사 업체가 난립하면서 조사의 신뢰도가 떨어진다는 지적이 많았는데 선관위가 일부를 솎아내기로 했습니다. 어떤 업체들인지 따져 보겠습니다. 홍혜영 기자, 이번에 일부 여론조사기관들은 등록이 취소됐다고요?

[기자]
네, 지난 2017년 선거법이 개정된 뒤론 외부에 공표하는 선거 여론조사는 선관위에 등록된 업체만 할 수 있는데요. 선관위가 등록 기준을 높였습니다. 여론조사를 분석하는 전문인력을 기존 1명에서 3명 이상으로, 상근직원 수는 3명에서 5명 이상으로 늘렸는데요. 그랬더니 전국 88개 등록업체 가운데 30곳이 기준에 못 미쳤습니다. 전체 3분의 1이 넘는 34%에 해당합니다.

[앵커]
그 동안 영세한 부실 여론조사기관이 많긴 많았군요?

[기자]
네, 등록이 취소된 30개 업체 가운데 절반이 넘는 17개 업체는 등록제가 시행된 이후 선거 여론조사를 해본 적도 없었습니다. 2021년 이후 선거 여론조사 실적이 전혀 없는 업체도 20곳이나 됐습니다. 그러니까 상당수는 전문성은커녕 기본 역량도 갖추지 못한 업체인 겁니다.

김춘석 / 한국조사협회 대변인(한국리서치 여론조사부문장)
""일단은 등록해 놨다가 선거 시기에 떴다방 식으로 하려고 하는 그런 데도 있고 언론에 공표를 해야 되는데 그럼 인터넷 언론사와 조사회사를 동시에 설립해서 서로 연관해서 운영하는 그런 케이스도 있고요.""

[앵커]
왜 이렇게 너도 나도 여론조사 회사를 만드는 겁니까?

[기자]
한마디로 돈이 되기 때문입니다. 다른 나라와 비교해도 업체 수가 월등히 많은데요. 이번에 등록취소된 30곳을 빼고도 선거와 관련한 여론조사기관만 58곳입니다. 일본은 전체 여론조사기관이 20곳 뿐이고 프랑스는 13곳에 불과한데요. 지방선거나 국회의원선거 같은 대목에 전국 각지에서 여론조사 수요가 쏟아지면 우후죽순 식으로 생긴 탓입니다.

김형준 / 배재대 석좌교수(前 한국선거학회장)
""후보자들 경우에는 빠르게 그리고 좀 값이 싸게 조사를 하고 싶은 욕구가 많거든요. ARS 조사 방식이 그 요구를 충족시켜주고 있기 때문에 그런 니즈에 맞춰서 조사 기관들이 난립한 거죠.""

[앵커]
그렇다보니 여론을 왜곡하는 부실한 여론조사가 많았던 거고요?

[기자]
네, 지난 대선 때 망설이는 응답자에게 후보 이름을 대고 답을 유도하거나 지지 정당이 없다고 하면 정당 이름을 되묻는 식으로 조사한 업체가 여론조사심의위원회에 적발됐는데요. 규정상 영업을 제한하는 조항이 없어 과태료 최고액인 3000만 원만 부과됐습니다.

[앵커]
잘못된 조사 결과를 발표해도 처벌이 약하다는 것도 문제네요?

[기자]
네, 불법 여론조사기관도 1년 동안만 재등록이 제한될 뿐입니다. 그나마 규제 대상이 '선거 여론조사'에 국한된다는 문제도 있습니다. 정확성을 높이기 위해 낮은 여론조사 응답률을 끌어올리는 것도 숙제입니다.

[앵커]
선거 여론조사의 객관성과 정확성은 선거 전체의 공정성과도 직결되는 문제인데 개선이 필요해보이네요. 잘 들었습니다.",0
"['잇따르는 정신질환자 범죄, 사법입원제 논의 급부상']","['[파이낸셜뉴스] #.지난해 8월 경기 분당 서현역에서 14명의 사상자를 낸 \'묻지마 테러범\' 최원종이 지난 2일 1심 재판에서 무기징역을 선고 받았다. 그는 지난 2020년 분열성 성격장애로 진단받았지만 치료받지 않았다. 지난달 25일 서울 강남 한복판에서 배현진 국민의힘 의원을 습격한 피의자 중학생 A군의 지인들은 A군이 평소 여학생을 스토킹을 하는 등 기이한 행동을 했다고 증언한 것으로 알려졌다. 경찰은 A군은 최근 우울증 증상이 심해져 폐쇄병동 입원 권고를 받았다는 사실을 파악하고 응급입원 조치를 취했다.\n정신질환자의 강력 범죄가 이어지면서 강제입원 기준을 만드는 등 대책 마련이 시급하다는 목소리가 높아지고 있다. 의료계는 더 이상 중증 정신 질환자에 대한 관리를 가족에 맡기는 것이 아니라 국가와 지역사회가 책임져야 한다고 강조한다.\n사법입원제 공론화중인 정부\n5일 경찰 등에 따르면 살인과 성폭행 등 5대 강력범죄 피의자 중 정신질환자는 지난 2018년 4774명에서 지난해 6052명으로 약 27% 늘어났다. 자해·타해 가능성이 높은 정신질환자에 대한 적절한 입원과 치료가 이뤄진다면 강력범죄를 예방할 수 있다는 목소리가 나온다. 지난 2017년 개정된 정신건강복지법은 실효성이 부족하다는 지적이 나온다. 정신건강복지법은 응급입원, 행정입원, 보호의무자에 의한 보호입원 등의 입원 절차에 근거를 둔다. 하지만 당사자가 거부할 경우 입원이 어렵다.\n\n대안으로 \'사법입원제\'가 논의되고 있다. 사법입원제는 본인 의사와 상관없이 자·타해 위험이 큰 정신질환자의 치료 목적으로 강제 입원시킬 때 법원 등 준사법기관이 입원 여부를 결정하는 제도다. 미국 대부분 주(州)와 독일, 프랑스 등에서 이를 운영하고 있고, 영국과 호주에서는 의사와 법조인으로 구성된 정신건강심판원을 별도로 두고 강제입원 여부를 결정한다.\n\n정부는 사법입원제에 대한 공론화에 착수한 상태다. 보건복지부는 지난해 12월 5일 발표한 정신건강정책 혁신 방안에서 사법입원제 관련 사회적 논의를 시작하고 자·타해 위험환자의 치료 중단 방지를 위한 외래치료지원제 활성화에 나서겠다고 밝힌 바 있다. 지난해 8월부터 법무부 등의 범정부 태스크포스(TF)가 가동돼 다양한 의견을 수렴하고 현황을 파악하고 있는 상태다.\n\n""인권침해 소지는 없애야""\n사법입원제 도입을 우려하는 목소리도 작지 않다. 비자발적 입원의 인권 침해 문제가 벌어질 가능성이 높고, 실제 인프라가 사법입원제를 시행하기에 한참 부족하다는 것. 법무법인 청의 곽준호 변호사는 ""사법입원제는 악용될 여지가 있어 신중해야 한다""며 ""인권 침해 문제나 판사 인력이 부족한 현실적 문제도 있다""고 했다.\n반대로 의료계는 국가가 나서서 정신질환자의 입원과 치료를 책임져야 한다는 입장이다. 이해우 대한신경정신의학회 법제이사는 ""사법입원제 뿐만 아니라 정신심판원 제도 등 우리나라가 가지고 있는 사법·의료 체계에 맞는 맞춤형 제도 도입 논의가 절실하다""며 ""현재 보호입원 제도는 가족들에게 너무 무거운 책임을 지우고 있다""고 진단했다.\n\n백종우 경희대 정신의학과 교수도 ""인권 침해 등 부작용에 대응하기 위해서 전문 법관을 양성하고 법조계·의료계·지역사회 등의 협업 체계, 사회적 합의가 마련돼야 한다""고 제언했다.\n']",[따져보니] 보호입원 뭐길래…논란은?,"[앵커]
배현진 의원을 공격한 중학생 피의자는 정신 질환을 이유로 응급 입원 됐었는데, 보호 입원 상태로 전환할 것으로 보입니다. 관련해서 어떤 논란이 있는지 따져 보겠습니다. 홍혜영 기자, 피의자가 구속이 아니라 보호 입원으로 바뀐다고요?

[기자]
네, 피의자는 지난 25일 체포된 뒤 정신 질환이 의심돼 응급 입원 조치됐는데요. 오늘로 응급 입원 기한인 72시간이 지나 피의자의 부모가 병원 측과 상의해 보호 입원을 결정할 것으로 보입니다. 이렇게 되면 계속 입원 치료를 받으면서 보호자 입회 하에 수사를 받습니다.

[앵커]
응급 입원과 보호 입원은 어떻게 다른 건가요?

[기자]
현행법상 강제로 입원시킬 수 있는 경우는 세 가지입니다. 급박한 상황일 땐 경찰과 의사 동의에 따라 사흘 간 응급 입원을 시킬 수 있고 보호 입원은 경찰 없이 보호자와 의사가 결정합니다. 가족이 없는 사람은 시장이나 군수가 행정 입원을 결정할 수 있지만 극히 드문 경우입니다. 입원 방법이 다를 뿐 치료 받는 건 같습니다.

[앵커]
중증 정신질환자라도 강제로 입원시키기가 쉽지 않은 거군요?

[기자]
네, 2017년 법이 개정되면서 까다로워졌습니다. 그 전에는 보호자와 전문의 1명씩 동의하면 됐지만 지금은 배우자나 직계가족 2명 이상이 신청하고 서로 다른 병원에 소속된 2명 이상의 전문의가 같은 소견을 내놔야 합니다. 또 치료 필요성과 자해나 타해 위험성, 둘 다 충족해야 입원이 가능합니다. 인권을 보호한다는 취지지만 조기 치료가 더 어려워졌다는 게 의료계의 지적입니다.

권준수 / 서울대학교병원 정신건강의학과 교수
""지금은 법이 빨리 강제 입원이라도 해서 치료를 해야 될 사람은 적절하게 치료를 할 수 있는 시스템이 돼 있어야 돼요. 그게 지금 안 돼 있어요. 입원 기준을 적절하게 다시 고쳐야 된다….""

[앵커]
그러다보니 사고가 터지고 나서야 대응하는 거고요?

[기자]
네, 실제로 최근 들어 정신질환자의 범죄는 늘어나는 추세입니다. 한 해 만 명에 육박하고 있는데요. 최근 10년 사이 2배 가까이 증가했습니다. 1인 가구 시대, 지역사회에 방치된 환자가 늘고 있는 상황에서 어디까지 개인에게 치료를 맡겨둬야 하느냐는 논란이 일고 있습니다.

[앵커]
워낙 인권침해 사례가 많았기 때문이겠지만, 다른 사람들의 안전이 위협 받으면 안 되잖아요?

[기자]
맞습니다. 전문가들은 강제 입원 요건을 현실에 맞게 고치는 동시에, 응급 입원과 행정 입원 제도를 제대로 활용할 수 있어야 한다고 지적합니다. 배 의원처럼 심각한 피해를 당하고 나서야 가해자를 응급 입원시키는 건 너무 늦다는 겁니다.
백종우 / 경희대학교병원 정신건강의학과 교수
""입원과 퇴원을 여전히 가족의 손에 맡겨놓고 있다, 이게 이제 가장 큰 문제고. 경찰 입장에서는 정말 누가 다치지 않으면 나중에 내가 어떤 민원의 대상이나 징계를 받지 않을까 걱정하고 있거든요. 이 법적 부담을 낮춰줘야 됩니다.""

[앵커]
인권도 중요하고 국민의 안전도 중요합니다. 이 두 마리 토끼를 반드시 잡아야할텐데 그런 방안이 나와야겠군요. 홍혜영 기자, 잘 들었습니다.
",1
['같은 문항 가지고도 ‘들쭉날쭉’… 여론조사 이대로 괜찮나 [심층기획]'],"['한국은 여론조사 과잉의 나라다. 정당지지도, 국정 수행평가, 각종 현안 등 다양한 여론조사 결과가 매일 쏟아진다. 앞선 두 여론조사 결과처럼 비슷한 시기 같은 문항을 가지고도 들쭉날쭉한 결과 속에서 진짜 ‘민의’를 읽기란 어렵다. 오히려 부실한 여론조사가 정치적으로 소비되면서 실제 여론을 왜곡하는 데 사용된다는 비판도 나온다. 그야말로 여론조사가 난립하고 있는 상황을 타개하기 위해 여론조사의 객관성과 공정성을 높일 방법이 필요하다는 지적이 제기된다.\n◆업체 난립에 쏟아지는 여론조사\n\n \n\n중앙선거관리위원회 산하 선거여론조사심의위원회(여심위)의 ‘2022년 양대선거 선거여론조사 백서’에 따르면 2021년 1월부터 지난해 5월까지 실시신고된 제20대 대통령선거 관련 여론조사는 774건, 제8회 지방선거 관련 여론조사는 3588건에 달했다. 특히 선거 직전 여론조사는 폭발적으로 늘어난다. 지선 여론조사는 지난해 4월 한 달만 해도 961건이 신고됐다. 정당이나 언론사 등 실시신고 제외 대상이 비공표용으로 진행한 선거여론조사는 사실상 현황파악이 어렵다는 점을 고려하면 실제로는 이보다 더 많은 여론조사가 있었다는 의미다.\n\n \n\n여론조사의 홍수는 여론조사기관 난립과 맞닿아 있다. 국회 행정안전위원장인 국민의힘 장제원 의원실에 따르면 지난해 10월 기준 여심위에 등록된 여론조사기관은 92곳이다. 일본은 20곳, 프랑스는 13곳에 불과한 것과 비교하면 4∼7배 이상 많은 것이다. 92곳 중 상당수는 조사·분석 업무 전문성이나 기술 역량을 갖추지 못한 영세 업체로 나타났다. 분석 전문인력이 1명뿐인 업체가 58.7%(54곳)로 절반 이상이었고, 41.3%(38곳)는 상근직원이 3명 이하로 운영되고 있었다.\n잘못된 조사 결과 발표로 과태료 처분을 받은 업체라도 여론조사를 계속 진행할 수 있다는 점도 문제다. A업체는 2020년 정당 지지도 조사 결과를 사실과 다르게 등록해 1500만원의 과태료를 부과받고도 영업 제한 없이 같은 달에만 총선 여론조사를 6차례 더 실시했다. 2021년 과태료 최고 상한액인 3000만원을 부과받았던 B업체도 마찬가지다. 이 업체는 대선 여론조사에서 특정 정당과 후보를 강조해서 물어보거나, 지지 정당과 연령대를 사실과 다르게 입력한 사실이 적발됐다. 현재 선거여론조사 기관의 등록 요건과 관리·감독 기준을 강화하는 내용의 공직선거법 개정안이 여야를 막론하고 발의됐지만 국회에 계류 중이다.\n\n \n\n여심위도 이런 지적에 공감하고 있다. 강석봉 여심위 사무국장은 “분석전문인력 1명을 포함한 3명의 실적, 조사시스템, 사무소만 갖추면 등록 가능한 현 제도로는 선거여론조사의 전문성과 신뢰성을 담보하기 어렵다”면서 “등록 자체가 여론조사의 품질을 보증하는 것처럼 인식되고, 선거 시기 정치컨설팅을 표방하며 단지 업체의 인지도를 높이기 위한 수단으로 악용할 수 있는 맹점이 있음에도 현행 등록제는 이를 걸러내는 기능을 다하지 못하는 실정”이라고 평가했다. 실제 등록기관 39.1%(36곳)는 조사 이력이 없거나 지난 2년간 여론조사를 한 차례도 하지 않았다. 상당수가 선거철 ‘떴다방’처럼 생겨났다고 해석할 수 있는 부분이다.\n◆선거여론조사 범위 두고도 논란\n\n \n\n여심위의 규제 대상이 되는 ‘선거에 관한 여론조사’의 범위가 제한적이라는 문제도 있다. 정당 지지도는 선거여론조사에 포함돼 여심위 등록 업체만 조사·공표할 수 있지만, 선관위 관리 대상이 아닌 당대표 선거 관련 여론조사나 국정 수행 지지도, 각종 정치현안 조사 등은 제외된다. 올 초 국민의힘 당대표 선거 국면에서도 일부 후보들이 특정 여론조사가 여심위에 등록되지 않았다며 문제를 제기해 논란이 되기도 했다.\n\n \n\n이와 관련한 법도 국회에 발의돼 있지만 선관위는 부정적인 입장이다. 선거에 영향을 미칠 수 있는 정치현안 여론조사를 선거여론조사에 포함하는 내용을 담은 공직선거법 개정안(장제원 의원 대표발의)은 선관위의 반대로 국회 행안위 법안심사소위 문턱을 넘지 못했다. 법안심사자료에 따르면 선관위는 “선거에 영향을 미칠 수 있는 정치 현안의 범위가 매우 넓어 모든 분야의 여론조사가 심의 대상이 될 수 있으므로 과잉규제 우려가 있고, 선관위의 직무 범위를 벗어난 규제가 발생할 수 있다”고 의견을 밝혔다. 다만 여심위는 선거가 임박한 시기 선거에 영향을 미치는 것이 명확한 정치현안 조사의 경우 선거여론조사에 포함하는 방안을 검토 중이다.\n◆여심위, 제도 개선 나서\n\n \n\n5% 미만의 낮은 여론조사 응답률을 끌어올려 정확성을 높이는 방법도 논의 중이다. 여심위에 따르면 최근 국내 주요 선거에서 전체 평균 여론조사 응답률(미국여론조사협회 기준 환산)은 제21대 총선 3.5%, 제20대 지선 3.5%, 제8회 지선 3.7% 등으로 나타났다. 지난 3일 여심위 주최로 국회에서 열린 선거여론조사 제도개선 공청회에서 성실 응답자에게 ‘기프티콘’ 등의 인센티브를 제공하는 방법이 제시되기도 했다. 현행 공직선거법에는 선거여론조사에 성실하게 응답한 사람에게 전화 요금 할인 혜택을 제공할 수 있도록 규정하고 있지만, 절차상 번거로움 등으로 사실상 활용되지 않고 있어 실효적인 방안이 마련돼야 한다는 것이다.\n\n \n\n또 여심위는 지난 16일 선거여론조사기관 등록 조건을 강화하는 내용 등을 담은 선거여론조사 제도개선방안을 여론조사협회에 제안했다. 주요 내용은 △등록·유지요건을 분석전문인력 3명 이상, 연간 매출액 1억원 이상으로 상향 △불법 선거여론조사기관에 대한 재등록 제한 기간을 현행 1년에서 최대 4년으로 확대 △성실응답자에게 인센티브 제공 등이다. 여심위는 전문가 의견 수렴 등을 거쳐 이달 말까지 제도개선안을 확정해 선관위에 제출할 계획이다.\n\n \n\n◆“직접 규제보다 자정 노력 필요” 목소리\n\n \n\n해외 주요국 중 한국처럼 선거여론조사 관련 규제가 있는 곳은 프랑스와 캐나다 정도에 불과하다. 대부분 국가가 관련 협회의 자율규제에 선거여론조사의 품질을 맡기고 있기 때문이다. 한국에서도 직접 규제보다 업계의 자율적인 자정 노력이 필요하다는 목소리가 나온다.\n\n \n\n22일 국회입법조사처의 ‘선거여론조사 관련 규제 현황과 해외 입법례’에 따르면 프랑스는 1977년 제정된 여론조사 공표 및 전파에 관한 법률을 통해 한국의 중앙선거여론조사심의위원회와 유사한 여론조사위원회에서 관련 규제를 하고 있다. 프랑스의 여론조사 규제 법령은 담합행위 규제 등 위원회의 재량을 줄이고, 보도·공표 시 공개사항과 위원회에 제출 정보를 확대하는 방향으로 변화해 왔다.\n\n \n\n캐나다는 2000년 선거법을 개정하면서 여론조사 결과 공표 시 정보공개 규정을 도입했다. 이전까지는 조사 관련 협회의 자율규제를 따랐지만, 조사품질을 가늠할 정보공개가 필요하다는 공감대에 따른 것이다. 이에 따라 여론조사 보도·공표 시 조사의뢰자 및 조사기관, 조사 기간, 조사 모집단, 접촉한 피조사자 수, 오차범위, 조사보고서가 게재된 인터넷 사이트 등의 정보를 제시해야 한다.\n\n \n\n프랑스를 제외한 유럽 국가들은 유럽마케팅여론조사협회와 국제상공회의소가 마련한 규약을 따른다. 이 규약은 여론조사 및 발표에 관한 기본원칙으로 자료수집 방법 및 목적의 투명성, 피조사자의 신상보호 및 거부 의사 존중 등을 제시한다. 미국여론조사협회의 조사 원칙도 유럽의 규약과 유사하다. 자료수집 방법, 조사의뢰자 및 조사기관, 설문 문항, 모집단, 표본추출방법 등을 공개하도록 권고하고 있다.\n\n \n\n한국에서도 현행 규제를 보완해나가면서 조사기관의 자체적인 혁신을 유도해야 한다는 지적이 제기된다. 박인호 부경대 교수(통계학)는 “궁극적으로는 법적 규제가 아닌 조사기관의 자율적인 노력을 통해 전문성과 신뢰성을 갖추도록 해야 한다”면서 “선거결과 예측에 실패한 조사기관은 언론사로부터 재위임을 받지 못하도록 유도하는 등 품질경쟁에 기반한 객관성과 신뢰성을 확보한 조사회사만 생존할 수 있는 풍토를 이뤄나가야 한다”고 말했다.']",[따져보니] 여론조사기관 등록 취소…이유는?,"[앵커]
선거를 앞두고 여론조사 전화가 쏟아지지요. 기준에 못 미치는 여론조사 업체가 난립하면서 조사의 신뢰도가 떨어진다는 지적이 많았는데 선관위가 일부를 솎아내기로 했습니다. 어떤 업체들인지 따져 보겠습니다. 홍혜영 기자, 이번에 일부 여론조사기관들은 등록이 취소됐다고요?

[기자]
네, 지난 2017년 선거법이 개정된 뒤론 외부에 공표하는 선거 여론조사는 선관위에 등록된 업체만 할 수 있는데요. 선관위가 등록 기준을 높였습니다. 여론조사를 분석하는 전문인력을 기존 1명에서 3명 이상으로, 상근직원 수는 3명에서 5명 이상으로 늘렸는데요. 그랬더니 전국 88개 등록업체 가운데 30곳이 기준에 못 미쳤습니다. 전체 3분의 1이 넘는 34%에 해당합니다.

[앵커]
그 동안 영세한 부실 여론조사기관이 많긴 많았군요?

[기자]
네, 등록이 취소된 30개 업체 가운데 절반이 넘는 17개 업체는 등록제가 시행된 이후 선거 여론조사를 해본 적도 없었습니다. 2021년 이후 선거 여론조사 실적이 전혀 없는 업체도 20곳이나 됐습니다. 그러니까 상당수는 전문성은커녕 기본 역량도 갖추지 못한 업체인 겁니다.

김춘석 / 한국조사협회 대변인(한국리서치 여론조사부문장)
""일단은 등록해 놨다가 선거 시기에 떴다방 식으로 하려고 하는 그런 데도 있고 언론에 공표를 해야 되는데 그럼 인터넷 언론사와 조사회사를 동시에 설립해서 서로 연관해서 운영하는 그런 케이스도 있고요.""

[앵커]
왜 이렇게 너도 나도 여론조사 회사를 만드는 겁니까?

[기자]
한마디로 돈이 되기 때문입니다. 다른 나라와 비교해도 업체 수가 월등히 많은데요. 이번에 등록취소된 30곳을 빼고도 선거와 관련한 여론조사기관만 58곳입니다. 일본은 전체 여론조사기관이 20곳 뿐이고 프랑스는 13곳에 불과한데요. 지방선거나 국회의원선거 같은 대목에 전국 각지에서 여론조사 수요가 쏟아지면 우후죽순 식으로 생긴 탓입니다.

김형준 / 배재대 석좌교수(前 한국선거학회장)
""후보자들 경우에는 빠르게 그리고 좀 값이 싸게 조사를 하고 싶은 욕구가 많거든요. ARS 조사 방식이 그 요구를 충족시켜주고 있기 때문에 그런 니즈에 맞춰서 조사 기관들이 난립한 거죠.""

[앵커]
그렇다보니 여론을 왜곡하는 부실한 여론조사가 많았던 거고요?

[기자]
네, 지난 대선 때 망설이는 응답자에게 후보 이름을 대고 답을 유도하거나 지지 정당이 없다고 하면 정당 이름을 되묻는 식으로 조사한 업체가 여론조사심의위원회에 적발됐는데요. 규정상 영업을 제한하는 조항이 없어 과태료 최고액인 3000만 원만 부과됐습니다.

[앵커]
잘못된 조사 결과를 발표해도 처벌이 약하다는 것도 문제네요?

[기자]
네, 불법 여론조사기관도 1년 동안만 재등록이 제한될 뿐입니다. 그나마 규제 대상이 '선거 여론조사'에 국한된다는 문제도 있습니다. 정확성을 높이기 위해 낮은 여론조사 응답률을 끌어올리는 것도 숙제입니다.

[앵커]
선거 여론조사의 객관성과 정확성은 선거 전체의 공정성과도 직결되는 문제인데 개선이 필요해보이네요. 잘 들었습니다.",1
['응급실 점령한 경증 환자… “두드러기 환자만 하루 20명”'],"['정부 실태 조사… “중증은 10%뿐”\n서울 대형 병원 응급실의 전문의 A씨는 최근 야간 근무 도중 멱살을 잡혔다. “어깨가 쑤신다. 입원시켜 달라”는 50대 남성을 진찰한 뒤 “이 정도는 내일 외래 진료를 받아도 괜찮다. 귀가해도 된다”고 했다가 봉변을 당한 것이다. 이 남성은 “잘못되면 당신이 책임질 거야? 진료 거부로 신고하겠다”고 협박했다. A씨는 “이런 경증 환자들이 응급실 병상을 차지하면 진짜 급한 환자들이 피해를 본다”고 한숨 쉬었다.\n얼마 전 서울성모병원 응급실의 입원 대기 시간 안내판에는 ‘21시간’이 찍혀 있었다. 두 시간 동안 찾은 환자 16명 중 12명이 눈 충혈이나 구토 증세 등을 호소하는 경증이었다. 삼성서울병원 응급실 환자 상당수도 “배가 아파서” “편도염이 심해서” 왔다고 했다.\n\n◇경증 환자, 중증 환자의 3.8배\n\n경증 환자들이 병원 응급실을 점령하고 있다. 보건복지부에 따르면 2021년 응급실 방문 환자(221만8942명) 중 40%(89만7570명)가 경증 환자였다. 중증 환자(23만6581명)의 3.8배에 달했다. 중증 환자는 심근경색처럼 10분 이내에 처치해야 구할 수 있는 환자다. 경증 환자는 요통이나 감기처럼 응급 처치가 필요 없는 환자지만, 병원 응급실은 경증 환자를 막을 수 없다. 그랬다간 의료법상 ‘진료 거부 행위’로 의사가 형사처벌을 받을 수 있다.\n이형민 한림대성심병원 응급의학과 교수는 “응급실에서 두드러기 환자만 하루 20명 넘게 보기도 한다”며 “응급실은 의사들끼리 ‘24시간 편의점’이라 부른다”고 했다. 박정호 서울대병원 응급의학과 교수도 “응급의가 중증 환자에 대한 검사와 판단을 빨리 할수록 환자를 살릴 가능성이 높아지는데, 의료진이 경증 환자들에게 묶여 있는 경우가 많다”고 했다.\n\n경증 환자가 몰리다 보니 아예 ‘경증 환자 구역’을 따로 둔 응급실도 상당수다. 서울 대형 병원 5곳 중 서울아산병원·삼성서울병원·서울성모병원 응급실이 경증 환자 구역을 따로 마련했다.\n\n◇해외선 경증 환자 응급실 이용 어려워\n\n주요 외국 중 우리나라처럼 경증 환자가 대형 병원 응급실을 아무 제한 없이 사용할 수 있는 곳은 거의 없다. 일본의 응급실은 1·2·3차 응급센터로 나뉘어 있다. 일명 ‘걸어 들어오는 환자’라는 경증 환자는 3차 응급센터는 이용할 수 없다. 3차 응급센터는 구급차로 이송된 중증 환자나 다른 응급 의료 기관이 의뢰한 환자만 진료한다.\n\n프랑스도 응급실을 3단계로 운영한다. 중환자를 담당하는 대형병원 응급실(SAU), 특정 장기를 다루는 전문 병원 응급실(POSU), 경미한 환자 담당 병원 응급실(UPA)로 구분된다. 미국도 중증 환자는 해당 지역에서 규모가 큰 중증 외상센터로 이송하는 시스템을 갖추고 있다. 영국 역시 응급과 비응급 환자를 구분한다.\n\n◇원가의 35%에 그치는 응급실 수가\n\n응급의학과는 ‘돈 안 되는 과(科)’로 통한다. 인력과 시설을 갖추는 데 비용이 많이 들지만 수익은 거의 나지 않기 때문이다. 실제 응급 진료 수가(의료 서비스 요금)는 응급 환자의 진료와 처치 등에 들어간 원가에도 미치지 못한다는 분석이 많다. 한국의료질향상학회 등에 따르면 응급실 수가는 규모가 큰 권역 응급 의료센터가 원가의 84%, 규모가 작은 지역 응급 의료 기관은 원가의 35% 정도에 불과한 것으로 나타났다. 진료할수록 손해라는 얘기다.\n\n◇연봉 4억원 내걸어도 의사 못 구해\n\n강원도 속초의료원은 최근 ‘연봉 4억원’을 내걸었지만 응급실 전문의를 구하지 못했다. 응급의학과 전공의 지원율은 매년 하강 곡선을 그리고 있다. 2021년 100.6%에서 지난해 93.7%로 감소했다. 올해는 85.2%로 더 떨어졌다. 한 대형 병원 응급실 전문의는 “개원이 어렵고, 2~3교대 근무를 하면서 야간·휴일 당직을 자주 서는 응급의 삶은 요즘 젊은 의사들이 선호하는 생활 패턴이 아니다”라고 했다.\n\n경증 환자의 응급실 점령과 전문의 부족에 따른 피해는 중증 환자 몫이다. 국립중앙의료원에 따르면 2018년부터 지난해까지 5년간 중증 응급 환자 145만명 중 절반에 가까운 71만명이 적정 시간 안에 응급실에 도착하지 못했다. 위급한 환자가 제때 치료받지 못하고 세상을 떠나는 일도 잇따르고 있다.']",[따져보니] 응급실은 이제 정상화?…응급체계 문제점은,"[앵커]
전공의 집단이탈 사태 이후 최근 종합병원 응급실을 찾는 경증 환자가 확연히 줄어들었다고 합니다. 의료진들 사이에선 이제야 응급실이 진짜 응급실다워졌다는 말이 나온다는데, 그동안 그럼 우리 응급체계에 어떤 문제가 있었던 건지 따져보겠습니다.

김자민 기자, 응급실 이용하는 경증환자가 그렇게 많았습니까?

[기자]
우리나라는 응급환자를 5단계로 분류합니다. 심정지 환자와 3대 중증응급질환자 등 레벨3까지가 중증이고, 장염과 감기 등은 레벨 4,5에 해당해 경증 환자로 분류됩니다. 2022년, 응급실 이용자의 절반이 경증 환자였습니다. 분초를 다퉈야하는 응급상황인 레벨 1,2 단계 중증 환자의 7배에 달합니다.

[앵커]
병원에서 환자 상태를 보고 선별해 받을 순 없습니까?

[기자]
네 그렇습니다. 환자를 가려받으면, 의사들이 형사처벌을 받을 수 있습니다. 의료법상 진료를 정당한 사유 없이 거부하는 경우 1년 이하의 징역 또는 1000만원 이하의 벌금에 처해집니다. 형사고소까진 아니더라도 환자들이 보건소에 민원을 넣기도 합니다. 응급실에 주취자가 찾아와서 난동을 부려도 의사들이 진료를 거부하기 어려운 이유입니다.

[앵커]
해외는 어떻습니까? 경증환자도 경우에 따라 급하면 응급실을 찾을 수 있지 않습니까?

[기자]
일본의 경우는 응급센터가 1,2,3차로 나뉩니다. 경증 환자는 3차 응급센터를 이용할 수 없고 1차나 2차 응급센터의 의사 진단서가 있어야만 갈 수 있습니다. 환자가 병원으로 이송되는 과정도 차이가 있습니다. 일본은 우선 구급대원이 응급지원센터와 연락해 의사의 지시를 받고 중증도를 분류합니다. 구급차 안에선 태블릿PC로 실시간 병원의 환자 수용 여부를 확인할 수 있습니다. 우리처럼 구급대원이 응급실을 찾아헤매는 '응급실 뺑뺑이' 사례를 줄인 겁니다.

[앵커]
그런데 우리는 119 구급차 타면 경증이건 중증이건 일단 종합병원 응급실에 데려다주잖아요?

[기자]
네, 지난해 실시된 설문조사에 따르면 국민 4명 중 1명이 경증으로 대형병원 응급실을 찾았고, '119상담에 따라서' 응급실에 갔다란 답이 가장 많았습니다. 119 구급대도 사정이 있었는데요. 큰 병원에 가지 않으면 민원을 넣는 환자들이 많아 일단 종합병원 응급실로 간다는 겁니다.

이형민 / 한림대성심병원 응급의학과 교수
""코에 레고 조각 들어갔는데 119를 타고 왔더라고요. 대체 왜 이걸 가지고 119를 타고 왔냐고 그러니깐 이렇게 해야 빨리 볼 수 있을 것 같아서 그랬다는 거죠.""

[앵커]
119 구급차도 무료고 응급실 진료비도 부담이 없어서 그런건가요?

[기자]
네, 경증 환자가 종합병원 응급실을 이용해도 응급의료 관리비는 10만 원 이하이고 이마저도 실손보험으로 환급받습니다. 이 때문에 의료계에선 경증 환자의 본인 부담금을 높이고 실손보험 혜택을 조절해야 응급실에 경증환자가 몰리는 걸 막을 수 있다고 지적합니다.

민진홍 / 세종충남대병원 응급의학과 교수
""가장 개선이 필요한 거는 일단 자기부담률을 더 높이는 게 중요할 것 같고요. 경증이라 나왔을 경우에는 (구급차) 이송비 자기부담률을 측정하는 방법도 필요하지 않나""

[앵커]
응급체계 시스템도 문제지만 국민들도 응급실은 중증 환자가 가는 곳이란 인식을 갖는 게 중요할 듯 합니다. 김자민 기자, 수고했습니다.",1
['역사상 최초로 건강보험 보장성 낮추겠다고 선언한 윤석열 정권 규탄한다.'],"['어제(13일) 윤석열 대통령이 건강보험 보장성 강화 정책을 폐기하겠다고 말했다. 대통령이 직접 나서서 보장성 강화 정책을 공격한 사례는 최초이다. 역대 정부들이 모두 보장성을 강화하겠다고 했지 줄이겠다고 한 적은 없었다.\n\n대통령의 이런 발언은 정부가 지난 8일에 발표한 “건강보험 지속가능성 제고 및 필수의료 지원 대책안”의 내용과 일치한다. 재정을 절감하겠다며 보장성을 축소하고 의료비를 인상시키겠다는 것이다. 또 필수의료 대책이라며 민간병원 수가 인상을 제시했다. 대다수 시민들과 환자들에게 불이익을 주고 민영의료보험과 민간병원만 살찌우겠다는 선언이다. 경제위기 상황에서 병원비 부담에 허덕이는 국민의 삶을 돌보는 데에는 관심이 없고 오히려 복지를 축소하려 혈안이다. 부자와 대기업 세금은 수십조 원 감면해 주면서 말이다. 우리는 이를 강력히 규탄하며 아래와 같이 밝힌다.\n\n \n\n첫째, OECD 최저 보장성에도 보장을 더 줄이려는 시도를 중단하라.\n\n역대 정부들이 부족하나마 건강보험 보장성을 강화하겠다고 발표한 것은 한국의 보장성이 매우 낮기 때문이다. OECD 국가들은 대부분 입원 보장성이 90% 이상이고 많은 나라들이 100% 가까이 보장한다. 대다수 나라들이 아플 때 치료는 국가가 책임지는 제도를 가진 것이다. 반면에 한국은 생명과 건강에 필수인 입원 진료도 단 67%만 보장한다. 그래서 가계 지출 중 의료비가 차지하는 비중이 OECD 국가들 중 두 번째로 높고, 재난적 의료비 지출가구도 7.5%로 미국(7.4%)보다 많다.\n\n그런데도 윤석열 정부는 보장성을 강화하겠다고 하지 않는다. 오히려 비급여의 급여화가 과잉진료를 유발한다며 보장 수준을 낮추겠다고 한다. 건강보험 본인부담 상한제 혜택도 줄이겠다고 한다. 한국의 본인부담 상한제는 비급여와 예비급여가 포함되지 않아 이미 한계가 많은데 환자 의료비 부담을 더 높이겠다는 것이다. 산정특례제도도 암은 비급여 부담이 높고, 뇌·심장질환은 특례기간이 짧아 치료와 재활을 다 보장하지 못하는데 오히려 혜택을 줄이겠다고 발표했다.\n\n정부의 이번에 발표는 구체적 안은 적지만 그 방향성만큼은 분명하다. 지금도 이미 가계 의료비 부담이 OECD에서 가장 높은 수준인 나라에서 보장성을 강화해도 모자랄 판에 그 반대 방향을 천명한 것이다. 역사적 퇴행이다.\n\n \n\n둘째, 의료비 올려 재정 건전화? 정부 책임 분명히 해 보장성 강화하라.\n\n낮은 본인부담이 환자 도덕적 해이를 발생시켜 과잉진료를 유발한다는 정부 주장은 허구다. 과잉진료는 민간의료기관이 95%인 현실을 정부가 조장하고 행위별수가제를 유지하기 때문이다. 즉 환자들이 아니라 의료를 상업화해 의료 공급자들의 도덕적 해이를 부추기는 정부 정책이 문제인 것이다. 보장성 강화가 원인이라면 무상의료에 가까운 유럽 국가들은 과잉진료 천국이어야 할 테지만 그 반대로 의료가 상업화된 한국과 미국에 과잉진료가 만연하다.\n\n정말 과잉진료를 줄이려면 공공병원을 늘리고, 민간의료보험을 통제하고, 비급여를 줄여야 한다. 윤석열 정부가 건보 보장성을 후퇴시키는 것은 환자들에게 앞으로도 더욱 실손보험에 의존하라는 신호나 다름 없으며 결국 의료민영화로 나아가려는 것이다.\n\n정부는 건강보험료 인상도 시사했다. 주요국 보험료율이 프랑스 13.0%, 일본 9.21% 등이라는 것이다. 하지만 서민에게 부담을 떠넘겨선 안 된다. 예컨대 프랑스는 13% 보험료율을 오로지 사용자만 낸다. 다른 나라들도 보험료를 기업과 부자들이 더 많이 낸다. 한국은 서민 부담이 지금도 너무 높다. 또 부족한 것은 정부의 건강보험 국고지원율이다. 프랑스 52.2%, 일본 38.8% 등인데 한국은 법정 20%도 지키지 않는다. 재정 지출은 아끼면서 ‘건보 지속가능성’ 운운하며 서민 보험료를 올리겠다고 한다.\n\n정부는 복지 축소를 정당화하려 외국인 혐오도 부추기고 있다. 외국인 의료 쇼핑이 문제라는 것이다. 하지만 오히려 외국인은 내국인보다 의료 이용이 적고 보험료는 내국인보다 비싸 건강보험 재정에 흑자를 안기고 있다. 직장가입자 1인당 피부양자 수와 지역가입자 세대원 수도 내국인보다 훨씬 적다. 차별적 정책과 제도들 때문이다. 그런데도 정부는 외국인 차별을 부추기는 피부양자 자격 강화로 체류 6개월간 건보 자격을 박탈하려 한다. 추악하고 냉혹한 행태다.\n\n \n\n셋째, 민간병원 퍼주기는 실패한 잘못된 대책이다. 공공의료 강화하고 인력 충원하라.\n\n정부는 중증·응급, 분만, 소아 의료 대책으로 수가 인상을 제시했다. 하지만 이는 지난 수십 년간 실패한 정책이다. 보상을 늘려도 행위 수를 늘리고 비급여를 하면서 돈벌이하기 쉬운 부문들만큼 수익이 날 수는 없다. 그래서 민간병원들은 필수의료에 투자하지 않고 의사도 충분히 고용하지 않는다.\n\n민간병원에 퍼주는 전략이야말로 건강보험 지속가능성을 위협한다. 병원 수익만 상승하지 문제는 해결되지 않는다. 수가 인상은 환자 본인부담금 인상과도 연결된다. 돈벌이가 아니라 필요를 중심으로 운영되는 공공병원을 늘리지 않고서는 필수의료 문제는 해결되지 않는다.\n\n정부는 인력 충원도 엉터리 대책을 내놓았다. 간호대 실습을 지원하고 신규간호사를 양성하겠다고 한다. 오랫동안 실패해 온 대책이다. 아무리 신규 배출을 늘려도 신규 간호사 절반이 1년 안에 이직한다. 병원이 고용을 최소화해서 노동조건이 너무 열악하기 때문이다. 필요한 것은 인건비를 아끼려 혈안인 병원에 정부가 최소 고용을 강제하는 것이다.\n\n의사 양성을 위해서는 비수도권에 전공의를 배정하고 정원 관리를 하며 ‘한국의 의사상’ 따위를 만들겠다고 한다. TO를 아무리 배정해도 의사들이 다른 과목보다 돈이 덜 된다며 필수과목을 선택하지 않는데 배정을 늘린들 무슨 소용인가? 의료 전체의 상업화에 메스를 들이대고 공공의대를 설립해 국가가 교육과 배치를 책임져야 한다. 의사 단체들과 협의해서 제대로 된 정책이 나올지 의문이다.\n\n결국 정부가 내놓은 필수의료 대책들은 실효성 있는 정책은 없고 오로지 병원 경영자들과 의사들이 선호하는 민간병원 수익 보장밖에 없다.\n\n \n\n이번 정책만 문제가 아니다. 대통령 자신이 영리병원에 찬성하는 것에 힘입어 여당이 강원도 영리병원 법안을 발의했고, 정부는 민간의료보험 활성화 정책을 추진하고 있으며, 공공병원 인력 감축도 지시했다. 국회에는 건강보험 기금화, 병원 영리화, 서비스산업발전기본법 등 의료 민영화 법안들이 올라 있다. 공공의료를 무너뜨리고 건강보험을 약화시킬 정책들이다.\n\n고물가·고금리에 서민들의 실질소득이 감소하고 삶이 더욱 팍팍해지는 지금 의료비를 올려 그나마 존재하는 건강보험 제도마저 약화시키고 민영의료보험 시장을 활성화하려는 윤석열 정부를 규탄하지 않을 수 없다. 국민의 삶과 건강과 생명에 관심 없다는 정부는 필요 없다. 이번 발표가 철회되지 않으면 시민들의 분노가 타오를 것임을 명심해야 한다.']",[팩트체크K] 한국의 건강보험 보장률이 OECD 최저 수준이라고?,"윤 대통령이 건강보험 보장률을 70%까지 끌어올리기로 한 전 정부의 정책, 이른바 '문재인 케어'를 사실상 폐기하는 건강보험 개편안을 공식화했습니다.

개편안의 핵심은 재정 효율화입니다. 과다 진료를 막고 필수의료 지원을 강화해 건강보험의 재정 건전성을 확보하겠다는 겁니다. 주무 부처인 보건복지부는 국무회의에 앞서 이 같은 내용의 건강보험 개편안을 발표했습니다.

그러자 의사·간호사·약사 등으로 구성된 보건의료단체연합이 강하게 반발했습니다. 이들은 개편안이 추진되면 현재 적용 중인 MRI·초음파 검사에 대한 보장과 중증·희귀질환에 적용되는 산정 특례, 건강보험 본인부담 상한제 혜택 등이 감소해 결과적으로 건강보험의 보장성이 줄고 국민부담은 늘어날 것으로 보고 있습니다.

보건의료단체연합은 특히 ""한국이 OECD 국가 중 건강보험 보장성이 가장 낮은 나라 중 하나""라며 오히려 건강보험 보장성을 더 높여야 한다고 강조합니다. 적어도 국제적 평균에는 맞춰야 한다는 건데, 현 정부가 안 그래도 낮은 보장성을 더 줄이려 한다고 비판합니다.

이들의 주장처럼 정말 한국의 건강보험 보장성이 세계적으로 낮은 수준에 불과한 것일까요? 그래도 우리나라만큼 공적보험으로 의료비를 충당해주는 나라도 없다고 생각했던 분들에겐 의구심이 생길 수 있는 주장입니다. 그래서 ""한국이 OECD 국가 중 건강보험 보장성이 가장 낮은 나라 중 하나""라는 보건의료단체연합의 주장이 사실에 부합하는지 따져봤습니다.

■ OECD 데이터 분석 결과…공공재원↓ 직접부담↑

건강보험 보장성과 보장률이란 표현이 혼용되고 있어 지금부터는 보장률로 통일해 표현하겠습니다. 건강보험 보장률이란 환자가 내야 하는 의료비용 중에서 보험을 통해 얼마까지 보장되는지를 비율(%)로 나타낸 것입니다. 가령, 진료비 총액이 100만 원이 나왔고 보장률이 70%라면 환자 본인이 30만 원, 건보공단이 70만 원을 낸다는 말입니다. 보장률 수치가 높을수록 당연히 환자 본인이 부담해야 하는 의료비는 적어지게 됩니다.

우리의 건강보험 보장률을 다른 나라와 비교하려면 전체 의료비 대비 '공공재원 비율'과 '직접 부담 비율' 등을 따져봐야 합니다. OECD 보건통계(OECD health data)는 나라별로 취합한 방대한 데이터를 통해 관련 지표들을 제공하고 있습니다. 회원국의 보건수준을 비교적 동일한 기준에서 비교할 수 있어 각국의 정책 참고 자료로 활용됩니다.

우선, 의료비 총액 대비 공공재원(정부지원+건강보험)의 의료비 지출 비율을 살펴보면 아래와 같습니다. 변화 추이를 함께 파악하기 위해 지난 10년 치(2012~2021년)를 취합해 분석했습니다.

OECD 평균치는 10년 내내 70% 이상으로 나타났지만, 한국은 50대 후반에서 60대 초반으로 10% 포인트 이상 격차를 보였습니다. 모든 나라의 데이터가 온전히 취합되지 않은 2021년을 제외하면 한국은 조사 대상 38개국 중 34~36위를 오르내려 지난 9년 내내 최하위권을 벗어나지 못했습니다.

우리보다 공공재원 지출이 적었던 나라들은 멕시코, 미국, 그리스, 칠레, 라트비아, 포르투갈입니다. 반면 80% 중반을 기록한 노르웨이, 덴마크, 스웨덴 등 유럽 국가와 일본은 공공재원 지출이 가장 많은 나라들로 파악됐습니다.
의료비 지출에서 공공재원이 차지하는 비율은 다른 지표를 통해서도 확인됩니다. 보건복지부와 한국보건사회연구원이 지난 9월 발간한 자료에 따르면 대한민국 경상의료비 중 정부·의무가입제도 비중이 지난 11년(2010~2020)간 OECD 평균에 한참 미치지 못했습니다.

경상의료비는 한 나라의 국민이 보건의료 재화와 서비스를 구매하는데 지출한 총 비용으로 의료복지 지출 규모를 보여주는 대표적인 지표입니다. 아래 표는 한국의 경상의료비에서 건강보험, 산재보험, 장기요양보험 등을 포함한 공공재원 비중이 다른 나라들에 비해 상대적으로 작다는 점을 보여줍니다.
이번엔 반대로, 지난 10년(2012~2021)간 OECD 의료비 총액에서 민간보험과 가계가 직접 부담한 비율을 따져봤습니다. 이는 공적보험을 제외한 수치입니다. 조사대상 국가의 경제 규모가 다 다른 만큼 GDP 대비 부담 정도를 파악했습니다.

그 결과 한국은 2.5~3.2%로 OECD 평균치인 2.2~2.3%보다 최대 1% 포인트 가까이 높았습니다. 2012년 OECD 38개국 중 15번째로 높았던 민간보험·직접 부담 비율이 2020년에는 6번째로 높게 나타날 만큼 꾸준히 증가하는 모습을 보였습니다. 같은 기간 우리보다 민간보험·직접 부담 비율이 높았던 나라는 미국, 캐나다, 포르투갈, 그리스, 칠레 등입니다.
위 결과를 종합하면, 대한민국의 의료비 지출 구조에서 건강보험 등 공공재원이 차지하는 비율은 다른 나라들보다 낮았지만, 민간보험이나 직접 부담 비율이 상대적으로 높았습니다. 때문에 ""한국이 OECD 국가 중 건강보험 보장성이 가장 낮은 나라 중 하나""라는 보건의료단체연합의 주장은 사실에 부합합니다. 기사에는 언급하지 않았지만, 이 밖에도 여러 유관 지표들을 확인해봐도 우리의 건강보험 보장성은 여러모로 국제적 평균보다 떨어졌습니다.

■ 역대 정부가 약속한 '장밋빛 미래'는 어디로 갔나

사실 그래서 역대 정부는 진보·보수할 것 없이 건강보험 보장률 제고를 약속해왔습니다. 국민 생활과 직결되는 문제인데다 오랜 세월 국제적 평균에 미치지 못하다 보니 매번 대선공약에서 빠지지 않았습니다. 다른 나라들에선 찾아보기 힘든 '건강보험 보장률'이라는 우리만의 지표를 만들어 집계할 정도입니다.

보장률 강화정책을 본격화한 건 참여정부 때부터입니다. 당시 정부는 2013년까지 건강보험 보장률 70% 달성을 공언했습니다. 이후 들어선 이명박 정부는 목표치를 80%로 더 올려잡았지만, 실제 2013년 보장률은 62%에 그쳤습니다.

그런 현실을 반영해 박근혜 정부는 2018년까지 목표치를 68%로 대폭 낮춰 잡았지만, 실제 성적표는 63.8%에 그쳐 과거와 별 차이가 없었습니다. 문재인 정부가 참여정부 때 못다 이룬 목표치인 70%를 다시 들고 나왔지만, 이 역시 달성 가능성이 희박하다는 게 정부와 관련 전문가들의 공통된 전망입니다. 워낙 다양한 이해 주체들이 얽혀있는 데다 변화하는 인구구조와 경제여건에서 정부 재정을 안정적으로 유지해야 하는 측면도 있다 보니 목표 달성이 쉽지 않았습니다.

결국 '돈 걱정 없이 치료받을 수 있는 나라를 만들겠다'는 역대 정부의 약속은 미완의 과제로 남았습니다.
그러는 사이 우리 사회의 취약계층은 이른바 '재난적 의료비 지출'에 따른 파산 상태로 내몰릴 수 있다는 지적이 계속해서 나왔습니다. 재난적 의료비 지출이란 가계 의료비 지출이 연간소득의 40% 이상인 경우를 말합니다. 이는 ""중병에 걸리면 집안이 망한다""는 말과 맞닿아있는 개념입니다.

실제로 지난해 OECD 보건자료에 따르면 한국의 가구별 재난적 의료비 지출 비율은 7.5%로 OECD 31개 국가 평균치인 5.4%보다 2.1%포인트 높았습니다. 조사대상국 중 9번째로 높은 수치입니다.

상황이 이렇다 보니 보건의료, 시민사회단체 등에선 건강보험 보장률 제고를 촉구하는 목소리가 끊이지 않고 있습니다. 보건의료단체연합이 반발하는 가장 큰 이유도 그런 부분입니다.

■ ""제한적 보장"" VS ""보장률 제고""…건강보험 취지 살리는 게 핵심

바로 그 지점에서 해묵은 갈등이 재현됩니다.

정부는 돈 걱정 없이 치료받을 수 있는 '장밋빛 미래'를 약속하면서도 재정을 최대한 안정적으로 유지해야 합니다. 반대로 건강보험 보장률 제고를 촉구하는 측은 보장률을 더 높여도 재정건전성을 우려할 수준은 아니라는 입장입니다.

양측 나름대로 주장을 뒷받침할 만한 근거들도 있습니다. 앞서 살펴본 것처럼 국제적으로 낮은 공공재원 비율과 높은 재난적 의료비 지출비, 더불어 현재의 건강보험 재정 현황이 양호하다는 점 등은 건강보험 보장률 제고를 촉구하는 측의 주요 논거입니다. 지난달엔 복지부 스스로도 ""2021년 건보 누적 적립금이 20조 2,000억 원으로 안정적으로 관리되고 있다""고 밝혔습니다.

반면 정부는 현 추세대로 의료비 지출이 증가할 것으로 가정하면 내년부터 건강보험 재정이 적자로 돌아서고 2060년에는 388조 원 적자가 예상된다는 건보공단 연구결과 등을 토대로 안정적 재정운용이 필요하다는 점을 강조합니다. 급속한 고령화에 따른 의료비 지출 증가세도 주요 고려 사안입니다.
여기에 더해 각종 의료인 단체와 협회, 병원 측 이해 당사자들의 요구도 다 달라 조율해야 할 부분이 많고 복잡합니다. 그런 만큼 논의에 논의를 거듭해 결정해야 한다는 지적이 많습니다. 어느 한쪽의 일방적 주장대로 가기에는 국민 생활에 직접적으로 미치는 영향이 너무나도 크기 때문입니다.
건강보험의 존재 가치는 의료비 지출에 대한 국민부담을 줄이고 특히 취약계층을 국가가 재정적으로 보호하는 데 있습니다. 문제는 다양한 현실적 한계 속에서 근본 가치를 어떻게 구현해내느냐일 텐데요.

윤 대통령이 15일 열린 국정과제점검회의에서 ""돈 걱정 하지 않고 제대로 치료받을 수 있는 건강보험 제도를 운용하겠다""고 강조한 약속이 지켜질지 두고 볼 일입니다.",1
